Workbook

Sheet Tier 1 - Testing and Screening
C2: COST FOR COMPREHENSIVE SCREENING 1000 WOMEN (One Month Outreach Program)
B4: S/N | C4: ITEM | D4: NUMBER | E4: COST PER UNIT | F4: TOTAL COST | G4: NOTES
G5: Minimum number of women: 1,000
C6: PERSONNEL EXPENSES
B7: 1 | C7: Doctors (Medical Officers) | D7: =D30 -> 8 | E7: 50000 | F7: =E7*D7*7 -> 2800000 | G7: N20,000 per person per day
B8: 2 | C8: Laboratory Scientist | D8: 1 | E8: 30000 | F8: =E8*D8*7 -> 210000
B9: 3 | C9: Nurses | D9: =D7 -> 8 | E9: 30000 | F9: =E9*D9*7 -> 1680000
B10: 4 | C10: Support Staff | D10: 2 | E10: 30000 | F10: =E10*D10*7 -> 420000 | G10: For triage, post counseling
B11: 5 | C11: Security Personnel | D11: 3 | E11: 30000 | F11: =E11*D11*7 -> 630000
C12: Sub Total | F12: =SUM(F7:F11) -> 5740000
C15: SCREENING & TESTING
B16: 1 | C16: HPV Tests | D16: 1000 | E16: 10000 | F16: =E16*D16 -> 10000000
B17: 2 | C17: Cervical Screening Test using the Gynescope | D17: 1000 | E17: 3500 | F17: =E17*D17 -> 3500000 | G17: 8 devices
B18: 3 | C18: Consumables | D18: 1000 | E18: 10000 | F18: =E18*D18 -> 10000000 | G18: Surgical Gloves,Gauze, Sanitizers, cotton swab,iodine, Savlon, KY Gel, Kidney dish, Underpads, Latex Gloves, Couch Roll, Dust-bin/bags,
C19: Sub Total | F19: =SUM(F16:F18) -> 23500000
C21: CAPACITY BUILDING
B22: 1 | C22: Training workshops | D22: 1 | E22: 0 | F22: =E22*D22 -> 0
F23: =E23*D23 -> 0
F24: =E24*D24 -> 0 | I24: =3*6 -> 18
C25: Sub Total | F25: =SUM(F22:F24) -> 0 | I25: =I24*8 -> 144
I26: =I25*7 -> 1008
C27: EQUIPMENTS & TOOLS
A28: x | B28: 1 | C28: Internet services | D28: 3 | E28: 15000 | F28: =E28*D28*7 -> 315000
A29: x | B29: 2 | C29: Back up Power/Inverters | D29: 8 | E29: 30000 | F29: =E29*D29*7 -> 1680000 | G29: Accomodation and equipments are calculated for a 7-day peroid but iys subject to review depending on the nature of outreach we get
A30: x | B30: 3 | C30: Gyne Bed | D30: 8 | E30: 30000 | F30: =E30*D30*7 -> 1680000
C31: Sub Total | F31: =SUM(F28:F30) -> 3675000
C33: LOGISTICS AND ACCOMODATION
B34: 1 | C34: Travel | D34: 2 | E34: 400000 | F34: =E34*D34 -> 800000 | G34: Roundtrip
B35: 2 | C35: Accommodation | D35: 3 | E35: 50000 | F35: =D35*E35*G35 -> 1050000 | G35: 7
B36: 3 | C36: Shipping | D36: 1 | E36: 1500000 | F36: =E36*D36 -> 1500000
B37: 4 | C37: Transportation | D37: 3 | E37: 90000 | F37: =E37*D37 -> 270000
C38: Sub Total | F38: =SUM(F34:F37) -> 3620000
C40: OTHER EXPENSES
C41: Promotion and Awareness | D41: 1 | E41: 2500000 | F41: =E41*D41 -> 2500000 | G41: Commmunity Engagement, Local Markets, Radio, Social Media
C42: Administrative Costs | D42: 1 | E42: 1000000 | F42: 1000000
C43: Sub Total | F43: =SUM(F41:F42) -> 3500000
C45: TOTAL | F45: =SUM(F12,F19,F31,F38,F43,F25) -> 40035000
C47: Contingency Funds | E47: 0.05 | F47: 1000000 | G47: This is just for emergencies
G48: The total Cost Per head is
C49: GRAND TOTAL | F49: =SUM(F45:F47) -> 41035000 | G49: =F49/1000 -> 41035

Sheet Tier 1 - Screening
C2: COST FOR COMPREHENSIVE SCREENING 1000 WOMEN (One Month Outreach Program)
B4: S/N | C4: ITEM | D4: NUMBER | E4: COST PER UNIT | F4: TOTAL COST | G4: NOTES
G5: Minimum number of women: 1,000
C6: PERSONNEL EXPENSES
B7: 1 | C7: Doctors (Medical Officers) | D7: =D30 -> 8 | E7: ='Tier 1 - Testing and Screening'!E7 -> 50000 | F7: =E7*D7*7 -> 2800000 | G7: N20,000 per person per day
B8: 2 | C8: Laboratory Scientist | D8: 1 | E8: ='Tier 1 - Testing and Screening'!E8 -> 30000 | F8: =E8*D8*7 -> 210000
B9: 3 | C9: Nurses | D9: =D7 -> 8 | E9: ='Tier 1 - Testing and Screening'!E9 -> 30000 | F9: =E9*D9*7 -> 1680000
B10: 4 | C10: Support Staff | D10: 2 | E10: ='Tier 1 - Testing and Screening'!E10 -> 30000 | F10: =E10*D10*7 -> 420000 | G10: For triage, post counseling
B11: 5 | C11: Security Personnel | D11: 3 | E11: ='Tier 1 - Testing and Screening'!E11 -> 30000 | F11: =E11*D11*7 -> 630000
C12: Sub Total | F12: =SUM(F7:F11) -> 5740000
C15: SCREENING & TESTING
B16: 1 | C16: HPV Tests | D16: 1000 | E16: 0 | F16: =E16*D16 -> 0
B17: 2 | C17: Cervical Screening Test using the Gynescope | D17: 1000 | E17: ='Tier 1 - Testing and Screening'!E17 -> 3500 | F17: =E17*D17 -> 3500000 | G17: 8 devices
B18: 3 | C18: Consumables | D18: 1000 | E18: ='Tier 1 - Testing and Screening'!E18 -> 10000 | F18: =E18*D18 -> 10000000 | G18: Surgical Gloves,Gauze, Sanitizers, cotton swab,iodine, Savlon, KY Gel, Kidney dish, Underpads, Latex Gloves, Couch Roll, Dust-bin/bags,
C19: Sub Total | F19: =SUM(F16:F18) -> 13500000
C21: CAPACITY BUILDING
B22: 1 | C22: Training workshops | D22: 1 | E22: 0 | F22: =E22*D22 -> 0
F23: =E23*D23 -> 0
F24: =E24*D24 -> 0 | I24: =3*6 -> 18
C25: Sub Total | F25: =SUM(F22:F24) -> 0 | I25: =I24*8 -> 144
C27: EQUIPMENTS & TOOLS
A28: x | B28: 1 | C28: Internet services | D28: 2 | E28: ='Tier 1 - Testing and Screening'!E28 -> 15000 | F28: ='Tier 1 - Testing and Screening'!F28 -> 315000 | G28: Accomodation and equipments are calculated for a 7-day peroid but iys subject to review depending on the nature of outreach we get
A29: x | B29: 2 | C29: Back up Power/Inverters | D29: 8 | E29: ='Tier 1 - Testing and Screening'!E29 -> 30000 | F29: ='Tier 1 - Testing and Screening'!F29 -> 1680000
A30: x | B30: 3 | C30: Gyne Bed | D30: 8 | E30: ='Tier 1 - Testing and Screening'!E30 -> 30000 | F30: ='Tier 1 - Testing and Screening'!F30 -> 1680000
C31: Sub Total | F31: =SUM(F28:F30) -> 3675000
C33: LOGISTICS AND ACCOMODATION
B34: 1 | C34: Travel | D34: 2 | E34: ='Tier 1 - Testing and Screening'!E34 -> 400000 | F34: =E34*D34 -> 800000 | G34: Roundtrip
B35: 2 | C35: Accommodation | D35: 3 | E35: ='Tier 1 - Testing and Screening'!E35 -> 50000 | F35: =D35*E35*G35 -> 1050000 | G35: 7
B36: 3 | C36: Shipping | D36: 1 | E36: ='Tier 1 - Testing and Screening'!E36 -> 1500000 | F36: =E36*D36 -> 1500000
B37: 4 | C37: Transportation | D37: 3 | E37: ='Tier 1 - Testing and Screening'!E37 -> 90000 | F37: =E37*D37 -> 270000
C38: Sub Total | F38: =SUM(F34:F37) -> 3620000
C40: OTHER EXPENSES
C41: Promotion and Awareness | D41: 1 | E41: 2500000 | F41: =E41*D41 -> 2500000 | G41: Commmunity Engagement, Local Markets, Radio, Social Media
C42: Administrative Costs | D42: 1 | F42: 1000000
C43: Sub Total | F43: =SUM(F41:F42) -> 3500000
C45: TOTAL | F45: =SUM(F12,F19,F31,F38,F43,F25) -> 30035000
C47: Contingency Funds | E47: 0.05 | F47: 1000000 | G47: This is just for emergencies
G48: The total Cost Per head is
C49: GRAND TOTAL | F49: =SUM(F45:F47) -> 31035000 | G49: =F49/1000 -> 31035

Sheet Tier 2 - Testing and Screening
C2: Tier 2
C3: COST FOR COMPREHENSIVE SCREENING 500 WOMEN Employee CSR
B5: S/N | C5: ITEM | D5: NUMBER | E5: COST PER UNIT | F5: TOTAL COST | G5: NOTES
G6: Minimum Number of tests: 500
C7: SCREENING & TESTING
B8: 1 | C8: HPV Tests | D8: 500 | E8: 10000 | F8: =E8*D8 -> 5000000
B9: 2 | C9: Cervical Screening Test using the Gynescope | D9: 500 | E9: 3500 | F9: =E9*D9 -> 1750000
B10: 3 | C10: Consumables | D10: 500 | E10: 10000 | F10: =E10*D10 -> 5000000 | G10: Surgical Gloves,Gauze, Sanitizers, cotton swab,iodine, Savlon, KY Gel, Kidney dish, Underpads, Latex Gloves, Couch Roll, Dust-bin/bags,
B11: 4 | C11: Consultation | D11: 100 | E11: 10000 | F11: =E11*D11 -> 1000000 | G11: ='Tier 2 - Screening'!G11:G12 -> This is for the women that have tested positive | We projected an average of 20% chance just to be sure
C12: Sub Total | E12: =SUM(E8:E11) -> 33500 | F12: =SUM(F8:F11) -> 12750000
C14: SENSITIZATION
B15: 1 | C15: Awareness | D15: 1 | E15: 300000 | F15: =E15*D15 -> 300000 | G15: Seminar
B16: 2 | C16: Educational Materials | D16: 1 | E16: 385000 | F16: =E16*D16 -> 385000 | G16: Educative Materials
C17: Sub Total | E17: =SUM(E15:E16) -> 685000 | F17: =SUM(F15:F16) -> 685000
G19: The Total Cost per head is
C20: GRAND TOTAL | E20: =E17+E12 -> 718500 | F20: =F17+F12 -> 13435000 | G20: =F20/500 -> 26870

Sheet Tier 2 - Screening
C2: Tier 2
C3: COST FOR COMPREHENSIVE SCREENING 500 WOMEN Employee CSR
B5: S/N | C5: ITEM | D5: NUMBER | E5: COST PER UNIT | F5: TOTAL COST | G5: NOTES
G6: ='Tier 2 - Testing and Screening'!G6 -> Minimum Number of tests: 500
C7: SCREENING & TESTING
B8: 1 | C8: HPV Tests | D8: 500 | E8: 0 | F8: =E8*D8 -> 0
B9: 2 | C9: Cervical Screening Test using the Gynescope | D9: 500 | E9: 10000 | F9: =E9*D9 -> 5000000
B10: 3 | C10: Consumables | D10: 500 | E10: 10000 | F10: =E10*D10 -> 5000000 | G10: Surgical Gloves,Gauze, Sanitizers, cotton swab,iodine, Savlon, KY Gel, Kidney dish, Underpads, Latex Gloves, Couch Roll, Dust-bin/bags
B11: 4 | C11: Consultation | D11: 100 | E11: 5000 | F11: =E11*D11 -> 500000 | G11: This is for the women that have tested positive | We projected an average of 20% chance just to be sure
C12: Sub Total | E12: =SUM(E8:E11) -> 25000 | F12: =SUM(F8:F11) -> 10500000
C14: SENSITIZATION
B15: 1 | C15: Awareness | D15: 1 | E15: 300000 | F15: =E15*D15 -> 300000 | G15: Seminar
B16: 2 | C16: Educational Materials | D16: 1 | E16: 385000 | F16: =E16*D16 -> 385000 | G16: Educative Materials
C17: Sub Total | E17: =SUM(E15:E16) -> 685000 | F17: =SUM(F15:F16) -> 685000
G19: The Total Cost per head is
C20: GRAND TOTAL | E20: =E17+E12 -> 710000 | F20: =F17+F12 -> 11185000 | G20: =F20/500 -> 22370

Sheet Tier 3 - Testing and Screening
C2: Tier 2
C3: COST FOR COMPREHENSIVE SCREENING - MINI SPONSORSHIP
B5: S/N | C5: ITEM | D5: NUMBER | E5: COST PER UNIT | F5: TOTAL COST | G5: NOTES
G6: Minimum Number of tests: 100
C7: ADMINISTRATIVE COST
B8: 1 | C8: Giftcards | D8: 100 | E8: 100 | F8: =E8*D8 -> 10000 | G8: This is what will give the patients access to screening and testing
C9: Sub Total | E9: =SUM(E8:E8) -> 100 | F9: =SUM(F8:F8) -> 10000
C11: SCREENING & TESTING
B12: 1 | C12: HPV Tests | D12: =D8 -> 100 | E12: 10000 | F12: =E12*D12 -> 1000000
B13: 2 | C13: Cervical Screening Test using the Gynescope | D13: =D12 -> 100 | E13: 3500 | F13: =E13*D13 -> 350000
B14: 3 | C14: Consumables | D14: 100 | E14: 10000 | F14: =E14*D14 -> 1000000 | G14: Surgical Gloves,Gauze, Sanitizers, cotton swab,iodine, Savlon, KY Gel, Kidney dish, Underpads, Latex Gloves, Couch Roll, Dust-bin/bags
C15: Sub Total | E15: =SUM(E12:E13) -> 13500 | F15: =SUM(F12:F14) -> 2350000
C17: SENSITIZATION
B18: 1 | C18: Awareness and Promotion | D18: 1 | E18: 200000 | F18: =E18*D18 -> 200000 | G18: SOCIAL MEDIA
B19: 2 | C19: Educational Materials | D19: 1 | E19: 40000 | F19: =E19*D19 -> 40000
C20: Sub Total | E20: =SUM(E18:E19) -> 240000 | F20: =SUM(F18:F19) -> 240000
G22: The Total Cost per head is
C23: GRAND TOTAL | E23: =E20+E15+E9 -> 253600 | F23: =F20+F15+F9 -> 2600000 | G23: =F23/100 -> 26000

Sheet Tier 3 - Screening
C2: Tier 2
C3: COST FOR COMPREHENSIVE SCREENING - MINI SPONSORSHIP
B5: S/N | C5: ITEM | D5: NUMBER | E5: COST PER UNIT | F5: TOTAL COST | G5: NOTES
G6: ='Tier 3 - Testing and Screening'!G6 -> Minimum Number of tests: 100
C7: ADMINISTRATIVE COST
B8: 1 | C8: Giftcards | D8: 100 | E8: 100 | F8: =E8*D8 -> 10000 | G8: This is what will give the patients access to screening and testing
C9: Sub Total | E9: =SUM(E8:E8) -> 100 | F9: =SUM(F8:F8) -> 10000
C11: SCREENING & TESTING
B12: 1 | C12: HPV Tests | D12: =D8 -> 100 | E12: 0 | F12: =E12*D12 -> 0
B13: 2 | C13: Cervical Screening Test using the Gynescope | D13: =D12 -> 100 | E13: 10000 | F13: =E13*D13 -> 1000000
C14: Sub Total | E14: =SUM(E12:E13) -> 10000 | F14: =SUM(F12:F13) -> 1000000
C16: SENSITIZATION | G16: RADIO
B17: 1 | C17: Awareness and Promotion | D17: 1 | E17: 200000 | F17: =E17*D17 -> 200000 | G17: SOCIAL MEDIA
B18: 2 | C18: Educational Materials | D18: 1 | E18: 40000 | F18: =E18*D18 -> 40000
C19: Sub Total | E19: =SUM(E17:E18) -> 240000 | F19: =SUM(F17:F18) -> 240000
G21: The Total Cost per head is
C22: GRAND TOTAL | E22: =E19+E14+E9 -> 250100 | F22: =F19+F14+F9 -> 1250000 | G22: =F22/100 -> 12500
